KEY_CODE,HYOSYO,CITYNAME,MOJI,HTKSYORI,HTKSAKI,GASSAN,主世帯数,一戸建,長屋建,共同住宅,共同住宅１・２階建,共同住宅３～５階建,共同住宅６～１０階建,共同住宅１１階建以上,その他
131190010,2,板橋区,板橋,,,,14032,2161,26,11819,1105,4174,2592,3948,26
13119001001,3,板橋区,板橋１丁目,,,,4452,297,4,4142,155,1118,1050,1819,9
13119001002,3,板橋区,板橋２丁目,,,,3662,375,4,3276,192,847,1058,1179,7
13119001003,3,板橋区,板橋３丁目,,,,3078,843,9,2220,365,1052,359,444,6
13119001004,3,板橋区,板橋４丁目,,,,2840,646,9,2181,393,1157,125,506,4
131190020,2,板橋区,加賀,,,,3634,127,7,3499,111,369,749,2270,1
13119002001,3,板橋区,加賀１丁目,,,,1475,51,4,1419,38,109,469,803,1
13119002002,3,板橋区,加賀２丁目,,,,2159,76,3,2080,73,260,280,1467,
131190030,2,板橋区,大山東町,,,,3466,433,18,3010,280,1105,667,958,5
131190040,2,板橋区,大山金井町,,,,3176,613,6,2552,409,1055,676,412,5
131190050,2,板橋区,熊野町,,,,2184,324,5,1853,82,413,613,745,2
131190060,2,板橋区,中丸町,,,,3285,577,18,2683,303,868,824,688,7
131190070,2,板橋区,南町,,,,2629,698,9,1917,328,820,496,273,5
131190080,2,板橋区,稲荷台,,,,1390,425,8,956,268,289,146,253,1
131190090,2,板橋区,仲宿,,,,4110,1078,26,2999,484,1182,415,918,7
131190100,2,板橋区,氷川町,,,,2486,443,7,2033,148,835,519,531,3
131190110,2,板橋区,栄町,,,,2185,607,9,1564,279,818,467,,5
131190120,2,板橋区,大山町,,,,2710,448,22,2232,271,976,360,625,8
131190130,2,板橋区,大山西町,,,,2388,668,17,1700,598,552,332,218,3
131190140,2,板橋区,幸町,,,,2726,739,10,1969,467,809,305,388,8
131190150,2,板橋区,中板橋,,,,2296,487,7,1797,379,1156,129,133,5
131190160,2,板橋区,仲町,,,,2205,658,10,1536,496,795,245,,1
131190170,2,板橋区,弥生町,,,,3047,940,11,2092,551,1008,405,128,4
131190180,2,板橋区,本町,,,,3604,675,10,2917,262,979,881,795,2
131190190,2,板橋区,大和町,,,,2810,797,7,2002,357,663,429,553,4
131190200,2,板橋区,双葉町,,,,2853,756,17,2076,510,1300,266,,4
131190210,2,板橋区,富士見町,,,,2217,635,12,1569,406,579,212,372,1
131190220,2,板橋区,大谷口上町,,,,2074,789,20,1261,482,373,195,211,4
131190230,2,板橋区,大谷口北町,,,,2868,959,17,1885,405,980,443,57,7
131190240,2,板橋区,大谷口,,,,3031,1190,13,1823,901,849,73,,5
13119024001,3,板橋区,大谷口１丁目,,,,1096,465,7,623,339,278,6,,1
13119024002,3,板橋区,大谷口２丁目,,,,1935,725,6,1200,562,571,67,,4
131190250,2,板橋区,向原,,,,4246,599,20,3625,1016,1677,932,,2
13119025001,3,板橋区,向原１丁目,,,,1219,186,5,1027,236,705,86,,1
13119025002,3,板橋区,向原２丁目,,,,1630,307,15,1307,695,512,100,,1
13119025003,3,板橋区,向原３丁目,,,,1397,106,,1291,85,460,746,,
131190260,2,板橋区,小茂根,,,,8274,1900,28,6340,1236,3276,1653,175,6
13119026001,3,板橋区,小茂根１丁目,,,,2702,395,13,2292,371,1301,541,79,2
13119026002,3,板橋区,小茂根２丁目,,,,2069,596,5,1468,278,781,313,96,
13119026003,3,板橋区,小茂根３丁目,,,,1213,242,,970,43,345,582,,1
13119026004,3,板橋区,小茂根４丁目,,,,1783,443,8,1330,321,792,217,,2
13119026005,3,板橋区,小茂根５丁目,,,,507,224,2,280,223,57,,,1
131190270,2,板橋区,常盤台,,,,6454,2145,25,4276,1278,2391,325,282,8
13119027001,3,板橋区,常盤台１丁目,,,,2372,811,11,1547,469,742,128,208,3
13119027002,3,板橋区,常盤台２丁目,,,,1031,457,3,570,274,212,10,74,1
13119027003,3,板橋区,常盤台３丁目,,,,1648,556,8,1083,320,642,121,,1
13119027004,3,板橋区,常盤台４丁目,,,,1403,321,3,1076,215,795,66,,3
131190280,2,板橋区,南常盤台,,,,4091,616,12,3458,293,1753,1261,151,5
13119028001,3,板橋区,南常盤台１丁目,,,,2232,285,6,1938,109,735,943,151,3
13119028002,3,板橋区,南常盤台２丁目,,,,1859,331,6,1520,184,1018,318,,2
131190290,2,板橋区,東新町,,,,4772,1386,30,3354,952,1552,734,116,2
13119029001,3,板橋区,東新町１丁目,,,,2664,569,11,2082,493,972,501,116,2
13119029002,3,板橋区,東新町２丁目,,,,2108,817,19,1272,459,580,233,,
131190300,2,板橋区,上板橋,,,,5105,873,16,4213,763,2067,1137,246,3
13119030001,3,板橋区,上板橋１丁目,,,,1199,309,4,886,302,355,201,28,
13119030002,3,板橋区,上板橋２丁目,,,,2642,350,8,2282,334,1094,636,218,2
13119030003,3,板橋区,上板橋３丁目,,,,1264,214,4,1045,127,618,300,,1
131190310,2,板橋区,清水町,,,,3613,889,9,2713,370,816,590,937,2
131190320,2,板橋区,蓮沼町,,,,2851,879,16,1953,546,811,439,157,3
131190330,2,板橋区,大原町,,,,2066,428,1,1634,347,405,384,498,3
131190340,2,板橋区,泉町,,,,1716,549,10,1154,511,340,303,,3
131190350,2,板橋区,宮本町,,,,2998,818,13,2164,600,956,157,451,3
131190360,2,板橋区,志村,,,,6361,897,28,5426,589,1474,2272,1091,10
13119036001,3,板橋区,志村１丁目,,,,2682,435,6,2236,280,514,1071,371,5
13119036002,3,板橋区,志村２丁目,,,,1988,275,12,1698,212,367,585,534,3
13119036003,3,板橋区,志村３丁目,,,,1691,187,10,1492,97,593,616,186,2
131190370,2,板橋区,坂下,,,,8942,1243,10,7687,533,2725,2719,1710,2
13119037001,3,板橋区,坂下１丁目,,,,2930,475,5,2449,216,1126,881,226,1
13119037002,3,板橋区,坂下２丁目,,,,2599,308,3,2288,125,606,1026,531,
13119037003,3,板橋区,坂下３丁目,,,,3413,460,2,2950,192,993,812,953,1
131190380,2,板橋区,東坂下,,,,1619,293,3,1322,56,262,829,175,1
13119038001,3,板橋区,東坂下１丁目,,,,971,199,2,770,43,146,581,,
13119038002,3,板橋区,東坂下２丁目,,,,648,94,1,552,13,116,248,175,1
131190390,2,板橋区,小豆沢,,,,7206,966,15,6220,375,1634,2223,1988,5
13119039001,3,板橋区,小豆沢１丁目,,,,1918,162,2,1753,55,288,349,1061,1
13119039002,3,板橋区,小豆沢２丁目,,,,2473,325,3,2143,133,629,981,400,2
13119039003,3,板橋区,小豆沢３丁目,,,,922,67,2,853,13,210,289,341,
13119039004,3,板橋区,小豆沢４丁目,,,,1893,412,8,1471,174,507,604,186,2
131190400,2,板橋区,西台,,,,5565,2109,29,3420,1016,1404,479,521,7
13119040001,3,板橋区,西台１丁目,,,,1290,530,7,751,324,394,33,,2
13119040002,3,板橋区,西台２丁目,,,,1768,785,9,973,407,266,254,46,1
13119040003,3,板橋区,西台３丁目,,,,1597,689,10,895,277,417,66,135,3
13119040004,3,板橋区,西台４丁目,,,,910,105,3,801,8,327,126,340,1
131190410,2,板橋区,中台,,,,7211,1789,50,5366,880,1614,1032,1840,6
13119041001,3,板橋区,中台１丁目,,,,2838,899,13,1923,575,973,375,,3
13119041002,3,板橋区,中台２丁目,,,,1332,545,25,759,163,299,285,12,3
13119041003,3,板橋区,中台３丁目,,,,3041,345,12,2684,142,342,372,1828,
131190420,2,板橋区,若木,,,,4906,1644,42,3216,637,1807,473,299,4
13119042001,3,板橋区,若木１丁目,,,,1867,681,23,1161,237,422,203,299,2
13119042002,3,板橋区,若木２丁目,,,,2024,595,15,1413,361,982,70,,1
13119042003,3,板橋区,若木３丁目,,,,1015,368,4,642,39,403,200,,1
131190430,2,板橋区,蓮根,,,,8260,1329,23,6903,666,2685,2128,1424,5
13119043001,3,板橋区,蓮根１丁目,,,,1429,403,7,1018,176,632,210,,1
13119043002,3,板橋区,蓮根２丁目,,,,3616,635,8,2972,349,1308,1061,254,1
13119043003,3,板橋区,蓮根３丁目,,,,3215,291,8,2913,141,745,857,1170,3
131190440,2,板橋区,相生町,,,,1887,223,,1660,95,514,739,312,4
131190450,2,板橋区,前野町,,,,13729,2947,72,10693,1613,4591,2964,1525,17
13119045001,3,板橋区,前野町１丁目,,,,2182,375,5,1798,142,733,775,148,4
13119045002,3,板橋区,前野町２丁目,,,,3222,533,13,2672,322,1376,236,738,4
13119045003,3,板橋区,前野町３丁目,,,,2507,451,14,2042,280,701,422,639,
13119045004,3,板橋区,前野町４丁目,,,,1902,593,8,1297,281,646,370,,4
13119045005,3,板橋区,前野町５丁目,,,,1608,405,6,1197,241,555,401,,
13119045006,3,板橋区,前野町６丁目,,,,2308,590,26,1687,347,580,760,,5
131190460,2,板橋区,赤塚,,,,16070,5419,203,10430,4918,4890,622,,18
13119046001,3,板橋区,赤塚１丁目,,,,1977,644,19,1311,569,588,154,,3
13119046002,3,板橋区,赤塚２丁目,,,,3038,853,55,2123,778,1217,128,,7
13119046003,3,板橋区,赤塚３丁目,,,,3119,533,20,2562,989,1538,35,,4
13119046004,3,板橋区,赤塚４丁目,,,,2125,814,18,1292,517,668,107,,1
13119046005,3,板橋区,赤塚５丁目,,,,1645,796,26,823,611,152,60,,
13119046006,3,板橋区,赤塚６丁目,,,,2071,811,47,1210,828,376,6,,3
13119046007,3,板橋区,赤塚７丁目,,,,1710,745,17,948,571,314,63,,
13119046008,3,板橋区,赤塚８丁目,,,,385,223,1,161,55,37,69,,
131190470,2,板橋区,赤塚新町,,,,4947,1115,38,3794,817,1931,911,135,
13119047001,3,板橋区,赤塚新町１丁目,,,,724,233,24,467,180,203,84,,
13119047002,3,板橋区,赤塚新町２丁目,,,,1098,305,4,789,202,440,89,58,
13119047003,3,板橋区,赤塚新町３丁目,,,,3125,577,10,2538,435,1288,738,77,
131190480,2,板橋区,四葉,,,,1802,727,5,1068,327,620,121,,2
13119048001,3,板橋区,四葉１丁目,,,,1032,420,2,609,239,299,71,,1
13119048002,3,板橋区,四葉２丁目,,,,770,307,3,459,88,321,50,,1
131190490,2,板橋区,大門,,,,356,152,,203,31,94,78,,1
131190500,2,板橋区,三園,,,,3064,880,13,2169,573,1090,441,65,2
13119050001,3,板橋区,三園１丁目,,,,2587,743,12,1830,483,984,298,65,2
13119050002,3,板橋区,三園２丁目,,,,477,137,1,339,90,106,143,,
131190510,2,板橋区,成増,,,,14707,2688,46,11959,2731,4938,2884,1406,14
13119051001,3,板橋区,成増１丁目,,,,3407,442,15,2942,381,1102,886,573,8
13119051002,3,板橋区,成増２丁目,,,,2748,384,9,2350,453,1095,415,387,5
13119051003,3,板橋区,成増３丁目,,,,3969,552,12,3404,733,1490,736,445,1
13119051004,3,板橋区,成増４丁目,,,,2698,944,8,1746,948,720,78,,
13119051005,3,板橋区,成増５丁目,,,,1885,366,2,1517,216,531,769,1,
131190520,2,板橋区,徳丸,,,,16198,4827,65,11272,2440,5332,2771,729,34
13119052001,3,板橋区,徳丸１丁目,,,,3511,1011,16,2484,587,1104,577,216,
13119052002,3,板橋区,徳丸２丁目,,,,2182,568,4,1609,457,791,361,,1
13119052003,3,板橋区,徳丸３丁目,,,,3465,940,14,2506,417,1078,589,422,5
13119052004,3,板橋区,徳丸４丁目,,,,2318,794,16,1508,253,765,490,,
13119052005,3,板橋区,徳丸５丁目,,,,876,312,7,533,91,253,189,,24
13119052006,3,板橋区,徳丸６丁目,,,,2246,808,8,1429,412,723,294,,1
13119052007,3,板橋区,徳丸７丁目,,,,750,187,,560,61,301,198,,3
13119052008,3,板橋区,徳丸８丁目,,,,850,207,,643,162,317,73,91,
131190530,2,板橋区,東山町,,,,2013,686,5,1321,351,421,437,112,1
131190540,2,板橋区,桜川,,,,2320,643,22,1654,429,880,345,,1
13119054001,3,板橋区,桜川１丁目,秘匿地域,54002,,,,,,,,,,
13119054002,3,板橋区,桜川２丁目,合算地域あり,,54001,1217,335,8,874,282,447,145,,
13119054003,3,板橋区,桜川３丁目,,,,1103,308,14,780,147,433,200,,1
131190550,2,板橋区,高島平,,,,26317,2788,30,23483,2026,6867,3725,10865,16
13119055001,3,板橋区,高島平１丁目,,,,4463,645,3,3812,439,2229,957,187,3
13119055002,3,板橋区,高島平２丁目,,,,8116,271,,7841,145,490,154,7052,4
13119055003,3,板橋区,高島平３丁目,,,,2697,78,1,2617,23,832,185,1577,1
13119055004,3,板橋区,高島平４丁目,,,,939,435,1,503,327,176,,,
13119055005,3,板橋区,高島平５丁目,,,,1525,764,15,745,489,199,57,,1
13119055006,3,板橋区,高島平６丁目,,,,2,,,2,,,2,,
13119055007,3,板橋区,高島平７丁目,,,,2676,387,3,2284,423,1433,428,,2
13119055008,3,板橋区,高島平８丁目,,,,1909,50,4,1853,148,906,679,120,2
13119055009,3,板橋区,高島平９丁目,,,,3990,158,3,3826,32,602,1263,1929,3
131190560,2,板橋区,新河岸,,,,2732,360,3,2368,85,823,294,1166,1
13119056001,3,板橋区,新河岸１丁目,,,,986,190,1,795,46,108,172,469,
13119056002,3,板橋区,新河岸２丁目,,,,1441,54,1,1385,29,593,66,697,1
13119056003,3,板橋区,新河岸３丁目,,,,305,116,1,188,10,122,56,,
131190570,2,板橋区,舟渡,,,,4139,628,7,3500,283,979,1726,512,4
13119057001,3,板橋区,舟渡１丁目,,,,1690,93,4,1593,66,429,946,152,
13119057002,3,板橋区,舟渡２丁目,,,,1717,357,2,1356,163,370,549,274,2
13119057003,3,板橋区,舟渡３丁目,,,,674,169,1,502,45,140,231,86,2
13119057004,3,板橋区,舟渡４丁目,,,,58,9,,49,9,40,,,